week,date,series,title,format,platforms
1,2026-06-01,ChiliPalooza,ChiliPalooza #1 - Full Interview,long,LinkedIn · YouTube
1,2026-06-01,Hot Wins,Hot Wins #1 - Rapid Fire,rf,LinkedIn · Instagram
1,2026-06-02,Hot Wins,Hot Wins #1 - Full Interview,long,LinkedIn · YouTube
1,2026-06-02,ChiliPalooza,ChiliPalooza #2 - Rapid Fire,rf,LinkedIn · Instagram
1,2026-06-03,ChiliPalooza,ChiliPalooza #2 - Full Interview,long,LinkedIn · YouTube
1,2026-06-03,Hot Wins,Hot Wins #2 - Rapid Fire,rf,LinkedIn · Instagram
1,2026-06-04,Hot Wins,Hot Wins #2 - Full Interview,long,LinkedIn · YouTube
1,2026-06-05,GTM Clawllective,GTM Clawllective - Demo Hack #1,short,LinkedIn
2,2026-06-07,ChiliPalooza,ChiliPalooza #3 - Rapid Fire,rf,LinkedIn · Instagram
2,2026-06-08,ChiliPalooza,ChiliPalooza #3 - Full Interview,long,LinkedIn · YouTube
2,2026-06-08,Hot Wins,Hot Wins #3 - Rapid Fire,rf,LinkedIn · Instagram
2,2026-06-09,Hot Wins,Hot Wins #3 - Full Interview,long,LinkedIn · YouTube
2,2026-06-09,ChiliPalooza,ChiliPalooza #4 - Rapid Fire,rf,LinkedIn · Instagram
2,2026-06-10,ChiliPalooza,ChiliPalooza #4 - Full Interview,long,LinkedIn · YouTube
2,2026-06-10,Hot Wins,Hot Wins #4 - Rapid Fire,rf,LinkedIn · Instagram
2,2026-06-11,Hot Wins,Hot Wins #4 - Full Interview,long,LinkedIn · YouTube
2,2026-06-12,GTM Clawllective,GTM Clawllective - Demo Hack #2,short,LinkedIn
3,2026-06-14,ChiliPalooza,ChiliPalooza #5 - Rapid Fire,rf,LinkedIn · Instagram
3,2026-06-15,ChiliPalooza,ChiliPalooza #5 - Full Interview,long,LinkedIn · YouTube
3,2026-06-15,Hot Wins,Hot Wins #5 - Rapid Fire,rf,LinkedIn · Instagram
3,2026-06-16,Hot Wins,Hot Wins #5 - Full Interview,long,LinkedIn · YouTube
3,2026-06-16,ChiliPalooza,ChiliPalooza #6 - Rapid Fire,rf,LinkedIn · Instagram
3,2026-06-17,ChiliPalooza,ChiliPalooza #6 - Full Interview,long,LinkedIn · YouTube
3,2026-06-17,Hot Wins,Hot Wins #6 - Rapid Fire,rf,LinkedIn · Instagram
3,2026-06-18,Hot Wins,Hot Wins #6 - Full Interview,long,LinkedIn · YouTube
3,2026-06-19,GTM Clawllective,GTM Clawllective - Demo Hack #3,short,LinkedIn
4,2026-06-21,ChiliPalooza,ChiliPalooza #7 - Rapid Fire,rf,LinkedIn · Instagram
4,2026-06-22,ChiliPalooza,ChiliPalooza #7 - Full Interview,long,LinkedIn · YouTube
4,2026-06-22,Hot Wins,Hot Wins #7 - Rapid Fire,rf,LinkedIn · Instagram
4,2026-06-23,Hot Wins,Hot Wins #7 - Full Interview,long,LinkedIn · YouTube
4,2026-06-23,ChiliPalooza,ChiliPalooza #8 - Rapid Fire,rf,LinkedIn · Instagram
4,2026-06-24,ChiliPalooza,ChiliPalooza #8 - Full Interview,long,LinkedIn · YouTube
4,2026-06-24,Hot Wins,Hot Wins #8 - Rapid Fire,rf,LinkedIn · Instagram
4,2026-06-25,Hot Wins,Hot Wins #8 - Full Interview,long,LinkedIn · YouTube
4,2026-06-26,GTM Clawllective,GTM Clawllective - Demo Hack #4,short,LinkedIn
5,2026-06-28,ChiliPalooza,ChiliPalooza #9 - Rapid Fire,rf,LinkedIn · Instagram
5,2026-06-29,ChiliPalooza,ChiliPalooza #9 - Full Interview,long,LinkedIn · YouTube
5,2026-06-29,Hot Wins,Hot Wins #9 - Rapid Fire,rf,LinkedIn · Instagram
5,2026-06-30,Hot Wins,Hot Wins #9 - Full Interview,long,LinkedIn · YouTube
5,2026-06-30,ChiliPalooza,ChiliPalooza #10 - Rapid Fire,rf,LinkedIn · Instagram
5,2026-07-01,ChiliPalooza,ChiliPalooza #10 - Full Interview,long,LinkedIn · YouTube
5,2026-07-01,Hot Wins,Hot Wins #10 - Rapid Fire,rf,LinkedIn · Instagram
5,2026-07-02,Hot Wins,Hot Wins #10 - Full Interview,long,LinkedIn · YouTube
5,2026-07-03,GTM Clawllective,GTM Clawllective - Demo Hack #5,short,LinkedIn
6,2026-07-05,ChiliPalooza,ChiliPalooza #11 - Rapid Fire,rf,LinkedIn · Instagram
6,2026-07-06,ChiliPalooza,ChiliPalooza #11 - Full Interview,long,LinkedIn · YouTube
6,2026-07-06,Hot Wins,Hot Wins #11 - Rapid Fire,rf,LinkedIn · Instagram
6,2026-07-07,Hot Wins,Hot Wins #11 - Full Interview,long,LinkedIn · YouTube
6,2026-07-07,ChiliPalooza,ChiliPalooza #12 - Rapid Fire,rf,LinkedIn · Instagram
6,2026-07-08,ChiliPalooza,ChiliPalooza #12 - Full Interview,long,LinkedIn · YouTube
6,2026-07-08,Hot Wins,Hot Wins #12 - Rapid Fire,rf,LinkedIn · Instagram
6,2026-07-09,Hot Wins,Hot Wins #12 - Full Interview,long,LinkedIn · YouTube
6,2026-07-10,GTM Clawllective,GTM Clawllective - Demo Hack #6,short,LinkedIn
7,2026-07-12,ChiliPalooza,ChiliPalooza #13 - Rapid Fire,rf,LinkedIn · Instagram
7,2026-07-13,ChiliPalooza,ChiliPalooza #13 - Full Interview,long,LinkedIn · YouTube
7,2026-07-13,Hot Wins,Hot Wins #13 - Rapid Fire,rf,LinkedIn · Instagram
7,2026-07-14,Hot Wins,Hot Wins #13 - Full Interview,long,LinkedIn · YouTube
7,2026-07-14,ChiliPalooza,ChiliPalooza #14 - Rapid Fire,rf,LinkedIn · Instagram
7,2026-07-15,ChiliPalooza,ChiliPalooza #14 - Full Interview,long,LinkedIn · YouTube
7,2026-07-15,Hot Wins,Hot Wins #14 - Rapid Fire,rf,LinkedIn · Instagram
7,2026-07-16,Hot Wins,Hot Wins #14 - Full Interview,long,LinkedIn · YouTube
7,2026-07-17,GTM Clawllective,GTM Clawllective - Demo Hack #7,short,LinkedIn
8,2026-07-19,ChiliPalooza,ChiliPalooza #15 - Rapid Fire,rf,LinkedIn · Instagram
8,2026-07-20,ChiliPalooza,ChiliPalooza #15 - Full Interview,long,LinkedIn · YouTube
8,2026-07-20,Hot Wins,Hot Wins #15 - Rapid Fire,rf,LinkedIn · Instagram
8,2026-07-21,Hot Wins,Hot Wins #15 - Full Interview,long,LinkedIn · YouTube
8,2026-07-21,ChiliPalooza,ChiliPalooza #16 - Rapid Fire,rf,LinkedIn · Instagram
8,2026-07-22,ChiliPalooza,ChiliPalooza #16 - Full Interview,long,LinkedIn · YouTube
8,2026-07-22,Hot Wins,Hot Wins #16 - Rapid Fire,rf,LinkedIn · Instagram
8,2026-07-23,Hot Wins,Hot Wins #16 - Full Interview,long,LinkedIn · YouTube
8,2026-07-24,GTM Clawllective,GTM Clawllective - Demo Hack #8,short,LinkedIn
9,2026-07-26,ChiliPalooza,ChiliPalooza #17 - Rapid Fire,rf,LinkedIn · Instagram
9,2026-07-27,ChiliPalooza,ChiliPalooza #17 - Full Interview,long,LinkedIn · YouTube
9,2026-07-27,Hot Wins,Hot Wins #17 - Rapid Fire,rf,LinkedIn · Instagram
9,2026-07-28,Hot Wins,Hot Wins #17 - Full Interview,long,LinkedIn · YouTube
9,2026-07-28,ChiliPalooza,ChiliPalooza #18 - Rapid Fire,rf,LinkedIn · Instagram
9,2026-07-29,ChiliPalooza,ChiliPalooza #18 - Full Interview,long,LinkedIn · YouTube
9,2026-07-29,Hot Wins,Hot Wins #18 - Rapid Fire,rf,LinkedIn · Instagram
9,2026-07-30,Hot Wins,Hot Wins #18 - Full Interview,long,LinkedIn · YouTube
9,2026-07-31,GTM Clawllective,GTM Clawllective - Demo Hack #9,short,LinkedIn
10,2026-08-02,ChiliPalooza,ChiliPalooza #19 - Rapid Fire,rf,LinkedIn · Instagram
10,2026-08-03,ChiliPalooza,ChiliPalooza #19 - Full Interview,long,LinkedIn · YouTube
10,2026-08-03,Hot Wins,Hot Wins #19 - Rapid Fire,rf,LinkedIn · Instagram
10,2026-08-04,Hot Wins,Hot Wins #19 - Full Interview,long,LinkedIn · YouTube
10,2026-08-04,ChiliPalooza,ChiliPalooza #20 - Rapid Fire,rf,LinkedIn · Instagram
10,2026-08-05,ChiliPalooza,ChiliPalooza #20 - Full Interview,long,LinkedIn · YouTube
10,2026-08-05,Hot Wins,Hot Wins #20 - Rapid Fire,rf,LinkedIn · Instagram
10,2026-08-06,Hot Wins,Hot Wins #20 - Full Interview,long,LinkedIn · YouTube
10,2026-08-07,GTM Clawllective,GTM Clawllective - Demo Hack #10,short,LinkedIn
11,2026-08-09,ChiliPalooza,ChiliPalooza #21 - Rapid Fire,rf,LinkedIn · Instagram
11,2026-08-10,ChiliPalooza,ChiliPalooza #21 - Full Interview,long,LinkedIn · YouTube
11,2026-08-10,Hot Wins,Hot Wins #21 - Rapid Fire,rf,LinkedIn · Instagram
11,2026-08-11,Hot Wins,Hot Wins #21 - Full Interview,long,LinkedIn · YouTube
11,2026-08-11,ChiliPalooza,ChiliPalooza #22 - Rapid Fire,rf,LinkedIn · Instagram
11,2026-08-12,ChiliPalooza,ChiliPalooza #22 - Full Interview,long,LinkedIn · YouTube
11,2026-08-12,Hot Wins,Hot Wins #22 - Rapid Fire,rf,LinkedIn · Instagram
11,2026-08-13,Hot Wins,Hot Wins #22 - Full Interview,long,LinkedIn · YouTube
11,2026-08-14,GTM Clawllective,GTM Clawllective - Demo Hack #11,short,LinkedIn
